{
    "name": "root",
    "gauges": {
        "CollabAgent.Policy.Entropy.mean": {
            "value": 1.36143159866333,
            "min": 1.340528130531311,
            "max": 1.9458329677581787,
            "count": 600
        },
        "CollabAgent.Policy.Entropy.sum": {
            "value": 12252.884765625,
            "min": 12252.884765625,
            "max": 21995.6953125,
            "count": 600
        },
        "CollabAgent.Step.mean": {
            "value": 5999932.0,
            "min": 9768.0,
            "max": 5999932.0,
            "count": 600
        },
        "CollabAgent.Step.sum": {
            "value": 5999932.0,
            "min": 9768.0,
            "max": 5999932.0,
            "count": 600
        },
        "CollabAgent.Policy.ExtrinsicBaselineEstimate.mean": {
            "value": 0.042920030653476715,
            "min": -0.25508084893226624,
            "max": 0.1972160041332245,
            "count": 600
        },
        "CollabAgent.Policy.ExtrinsicBaselineEstimate.sum": {
            "value": 1.7168012857437134,
            "min": -10.20323371887207,
            "max": 7.8886399269104,
            "count": 600
        },
        "CollabAgent.Policy.ExtrinsicValueEstimate.mean": {
            "value": 0.06280207633972168,
            "min": -0.2542846202850342,
            "max": 0.2509935200214386,
            "count": 600
        },
        "CollabAgent.Policy.ExtrinsicValueEstimate.sum": {
            "value": 2.512083053588867,
            "min": -10.171384811401367,
            "max": 10.039740562438965,
            "count": 600
        },
        "CollabAgent.Environment.EpisodeLength.mean": {
            "value": 999.0,
            "min": 945.6666666666666,
            "max": 1000.3333333333334,
            "count": 600
        },
        "CollabAgent.Environment.EpisodeLength.sum": {
            "value": 8991.0,
            "min": 8511.0,
            "max": 17982.0,
            "count": 600
        },
        "CollabAgent.Environment.CumulativeReward.mean": {
            "value": 0.0,
            "min": 0.0,
            "max": 0.0,
            "count": 600
        },
        "CollabAgent.Environment.CumulativeReward.sum": {
            "value": 0.0,
            "min": 0.0,
            "max": 0.0,
            "count": 600
        },
        "CollabAgent.Policy.ExtrinsicReward.mean": {
            "value": 5.0004035631815595,
            "min": -2.9999988675117493,
            "max": 5.000403622786204,
            "count": 600
        },
        "CollabAgent.Policy.ExtrinsicReward.sum": {
            "value": 45.00363206863403,
            "min": -38.99998527765274,
            "max": 55.44002017378807,
            "count": 600
        },
        "CollabAgent.Environment.GroupCumulativeReward.mean": {
            "value": 5.0004035631815595,
            "min": -2.9999988675117493,
            "max": 5.000403622786204,
            "count": 600
        },
        "CollabAgent.Environment.GroupCumulativeReward.sum": {
            "value": 45.00363206863403,
            "min": -38.99998527765274,
            "max": 55.44002017378807,
            "count": 600
        },
        "CollabAgent.IsTraining.mean": {
            "value": 1.0,
            "min": 1.0,
            "max": 1.0,
            "count": 600
        },
        "CollabAgent.IsTraining.sum": {
            "value": 1.0,
            "min": 1.0,
            "max": 1.0,
            "count": 600
        },
        "CollabAgent.Losses.PolicyLoss.mean": {
            "value": 0.036339430110529064,
            "min": 0.03434896806022152,
            "max": 0.04897511998213917,
            "count": 140
        },
        "CollabAgent.Losses.PolicyLoss.sum": {
            "value": 0.036339430110529064,
            "min": 0.03434896806022152,
            "max": 0.04897511998213917,
            "count": 140
        },
        "CollabAgent.Losses.ValueLoss.mean": {
            "value": 0.0853563692048192,
            "min": 5.1378324185708445e-05,
            "max": 0.09956352372653782,
            "count": 140
        },
        "CollabAgent.Losses.ValueLoss.sum": {
            "value": 0.0853563692048192,
            "min": 5.1378324185708445e-05,
            "max": 0.09956352372653782,
            "count": 140
        },
        "CollabAgent.Losses.BaselineLoss.mean": {
            "value": 0.08948034998960792,
            "min": 5.02120402733815e-05,
            "max": 0.14976562020005432,
            "count": 140
        },
        "CollabAgent.Losses.BaselineLoss.sum": {
            "value": 0.08948034998960792,
            "min": 5.02120402733815e-05,
            "max": 0.14976562020005432,
            "count": 140
        },
        "CollabAgent.Policy.LearningRate.mean": {
            "value": 1.5198994934000043e-06,
            "min": 1.5198994934000043e-06,
            "max": 0.0002978544007151999,
            "count": 140
        },
        "CollabAgent.Policy.LearningRate.sum": {
            "value": 1.5198994934000043e-06,
            "min": 1.5198994934000043e-06,
            "max": 0.0002978544007151999,
            "count": 140
        },
        "CollabAgent.Policy.Epsilon.mean": {
            "value": 0.1005066,
            "min": 0.1005066,
            "max": 0.1992848,
            "count": 140
        },
        "CollabAgent.Policy.Epsilon.sum": {
            "value": 0.1005066,
            "min": 0.1005066,
            "max": 0.1992848,
            "count": 140
        },
        "CollabAgent.Policy.Beta.mean": {
            "value": 6.060934000000016e-05,
            "min": 6.060934000000016e-05,
            "max": 0.00992855152,
            "count": 140
        },
        "CollabAgent.Policy.Beta.sum": {
            "value": 6.060934000000016e-05,
            "min": 6.060934000000016e-05,
            "max": 0.00992855152,
            "count": 140
        }
    },
    "metadata": {
        "timer_format_version": "0.1.0",
        "start_time_seconds": "1740929237",
        "python_version": "3.10.11 (tags/v3.10.11:7d4cc5a, Apr  5 2023, 00:38:17) [MSC v.1929 64 bit (AMD64)]",
        "command_line_arguments": "C:\\Users\\Batuhan\\Documents\\GitHub\\Unity-ML-3D\\venv\\Scripts\\mlagents-learn PushBlock_Collab.yaml --run-id=Run2",
        "mlagents_version": "1.1.0",
        "mlagents_envs_version": "1.1.0",
        "communication_protocol_version": "1.5.0",
        "pytorch_version": "2.2.2+cu121",
        "numpy_version": "1.23.5",
        "end_time_seconds": "1740942200"
    },
    "total": 12963.098246600013,
    "count": 1,
    "self": 0.012143800035119057,
    "children": {
        "run_training.setup": {
            "total": 0.07098259998019785,
            "count": 1,
            "self": 0.07098259998019785
        },
        "TrainerController.start_learning": {
            "total": 12963.015120199998,
            "count": 1,
            "self": 11.467857979470864,
            "children": {
                "TrainerController._reset_env": {
                    "total": 23.63951280002948,
                    "count": 1,
                    "self": 23.63951280002948
                },
                "TrainerController.advance": {
                    "total": 12927.651135720429,
                    "count": 666835,
                    "self": 11.128471999312751,
                    "children": {
                        "env_step": {
                            "total": 8371.534853042802,
                            "count": 666835,
                            "self": 5573.321151374374,
                            "children": {
                                "SubprocessEnvManager._take_step": {
                                    "total": 2790.7843369226903,
                                    "count": 666835,
                                    "self": 39.48337400634773,